Datetime,Water Level (m)
2025-11-12 18:00:00,0.04524905
2025-11-12 19:00:00,-0.080307856
2025-11-12 20:00:00,-0.19836064
2025-11-12 21:00:00,-0.28696144
2025-11-12 22:00:00,-0.28567198
2025-11-12 23:00:00,-0.17051074
2025-11-13 00:00:00,-0.011804979
2025-11-13 01:00:00,0.1620034
2025-11-13 02:00:00,0.31970656
2025-11-13 03:00:00,0.4187677
2025-11-13 04:00:00,0.41638592
2025-11-13 05:00:00,0.31419414
2025-11-13 06:00:00,0.17713676
2025-11-13 07:00:00,0.034415495
2025-11-13 08:00:00,-0.10717956
2025-11-13 09:00:00,-0.2374641
2025-11-13 10:00:00,-0.34245124
2025-11-13 11:00:00,-0.37729496
2025-11-13 12:00:00,-0.2823937
2025-11-13 13:00:00,-0.12766586
2025-11-13 14:00:00,0.03432963
2025-11-13 15:00:00,0.18351237
2025-11-13 16:00:00,0.28783083
2025-11-13 17:00:00,0.30747566
2025-11-13 18:00:00,0.22948836
2025-11-13 19:00:00,0.11043163
2025-11-13 20:00:00,-0.017117837
2025-11-13 21:00:00,-0.13872205
2025-11-13 22:00:00,-0.24150449
2025-11-13 23:00:00,-0.28711542
2025-11-14 00:00:00,-0.20655897
2025-11-14 01:00:00,-0.056359258
2025-11-14 02:00:00,0.1074225
2025-11-14 03:00:00,0.2623167
2025-11-14 04:00:00,0.3722993
2025-11-14 05:00:00,0.39946595
2025-11-14 06:00:00,0.3221936
2025-11-14 07:00:00,0.19301783
2025-11-14 08:00:00,0.05423052
2025-11-14 09:00:00,-0.087541185
2025-11-14 10:00:00,-0.22171031
2025-11-14 11:00:00,-0.3374401
2025-11-14 12:00:00,-0.39347634
2025-11-14 13:00:00,-0.30319357
2025-11-14 14:00:00,-0.13409014
2025-11-14 15:00:00,0.04660935
2025-11-14 16:00:00,0.21866724
2025-11-14 17:00:00,0.3433977
2025-11-14 18:00:00,0.38128123
2025-11-14 19:00:00,0.3076815
2025-11-14 20:00:00,0.18146099
2025-11-14 21:00:00,0.047651023
2025-11-14 22:00:00,-0.08503218
2025-11-14 23:00:00,-0.20547257
2025-11-15 00:00:00,-0.2878741
2025-11-15 01:00:00,-0.25663453
2025-11-15 02:00:00,-0.11198414
2025-11-15 03:00:00,0.058063645
2025-11-15 04:00:00,0.22479494
2025-11-15 05:00:00,0.35120133
2025-11-15 06:00:00,0.39221781
2025-11-15 07:00:00,0.3166475
2025-11-15 08:00:00,0.18383978
2025-11-15 09:00:00,0.041737232
2025-11-15 10:00:00,-0.10293085
2025-11-15 11:00:00,-0.23993589
2025-11-15 12:00:00,-0.35796085
2025-11-15 13:00:00,-0.40643373
2025-11-15 14:00:00,-0.29463148
2025-11-15 15:00:00,-0.10831776
2025-11-15 16:00:00,0.09259451
2025-11-15 17:00:00,0.2831387
2025-11-15 18:00:00,0.41839632
2025-11-15 19:00:00,0.45048028
2025-11-15 20:00:00,0.35925668
2025-11-15 21:00:00,0.21854915
2025-11-15 22:00:00,0.072929
2025-11-15 23:00:00,-0.072348036
2025-11-16 00:00:00,-0.20428532
2025-11-16 01:00:00,-0.30022874
2025-11-16 02:00:00,-0.28059986
2025-11-16 03:00:00,-0.13129708
2025-11-16 04:00:00,0.049180366
2025-11-16 05:00:00,0.22728229
2025-11-16 06:00:00,0.35934216
2025-11-16 07:00:00,0.39231065
2025-11-16 08:00:00,0.30002448
2025-11-16 09:00:00,0.1608908
2025-11-16 10:00:00,0.01266201
2025-11-16 11:00:00,-0.13551413
2025-11-16 12:00:00,-0.27545813
2025-11-16 13:00:00,-0.3878287
2025-11-16 14:00:00,-0.39318526
2025-11-16 15:00:00,-0.2382648
2025-11-16 16:00:00,-0.03202171
2025-11-16 17:00:00,0.18410087
2025-11-16 18:00:00,0.37920785
2025-11-16 19:00:00,0.50934154
2025-11-16 20:00:00,0.5067743
2025-11-16 21:00:00,0.3833402
2025-11-16 22:00:00,0.22776209
2025-11-16 23:00:00,0.07146953
2025-11-17 00:00:00,-0.08279669
2025-11-17 01:00:00,-0.21963571
2025-11-17 02:00:00,-0.31237185
2025-11-17 03:00:00,-0.2571423
2025-11-17 04:00:00,-0.082340136
2025-11-17 05:00:00,0.11054973
2025-11-17 06:00:00,0.2888152
2025-11-17 07:00:00,0.40394747
2025-11-17 08:00:00,0.3974692
2025-11-17 09:00:00,0.2789709
2025-11-17 10:00:00,0.13406561
2025-11-17 11:00:00,-0.018929638
2025-11-17 12:00:00,-0.16896538
2025-11-17 13:00:00,-0.30692258
2025-11-17 14:00:00,-0.4027766
2025-11-17 15:00:00,-0.34147263
2025-11-17 16:00:00,-0.14792496
2025-11-17 17:00:00,0.0783534
2025-11-17 18:00:00,0.30907556
2025-11-17 19:00:00,0.5154307
2025-11-17 20:00:00,0.6166016
2025-11-17 21:00:00,0.54426473
2025-11-17 22:00:00,0.38674253
2025-11-17 23:00:00,0.21742547
2025-11-18 00:00:00,0.051758774
2025-11-18 01:00:00,-0.106978215
2025-11-18 02:00:00,-0.24305989
2025-11-18 03:00:00,-0.31210336
2025-11-18 04:00:00,-0.19900918
2025-11-18 05:00:00,-0.0032222064
2025-11-18 06:00:00,0.19500552
2025-11-18 07:00:00,0.35876167
2025-11-18 08:00:00,0.43076187
2025-11-18 09:00:00,0.36113468
2025-11-18 10:00:00,0.22120763
2025-11-18 11:00:00,0.07141399
2025-11-18 12:00:00,-0.082925774
2025-11-18 13:00:00,-0.23071833
2025-11-18 14:00:00,-0.36066797
2025-11-18 15:00:00,-0.41186613
2025-11-18 16:00:00,-0.27146605
2025-11-18 17:00:00,-0.046431568
2025-11-18 18:00:00,0.19886374
